customer_id,first_name,last_name,email,phone,registration_date
1,Abeer,Dutta,abeer.dutta0@example.com,6542351161,2024-02-08
2,Hemangini,Lalla,hemangini.lalla1@example.com,+917816184959,2023-08-09
3,Ekaraj,Bath,ekaraj.bath2@example.com,3413164752,2024-02-20
4,Shaurya,Loke,shaurya.loke3@example.com,1928327648,2023-09-08
5,Ekta,Bhalla,ekta.bhalla4@example.com,+910564139537,2024-03-19
6,Tara,Dhar,tara.dhar5@example.com,02388496965,2023-09-08
7,Lakshit,Upadhyay,lakshit.upadhyay6@example.com,01012269166,2024-10-25
8,Upadhriti,Wadhwa,upadhriti.wadhwa7@example.com,08018451462,2024-05-22
9,Adya,Tella,adya.tella8@example.com,+918148932528,2025-11-21
10,Aadi,Naik,aadi.naik9@example.com,00154303911,2025-03-23
11,Ekapad,Walia,ekapad.walia10@example.com,+912782489638,2025-04-17
12,Sai,Muni,sai.muni11@example.com,05787133150,2024-10-16
13,Victor,Kannan,victor.kannan12@example.com,+911031051834,2025-01-13
14,Tanish,Zacharia,tanish.zacharia13@example.com,+919973763116,2024-02-03
15,Nirja,Sibal,nirja.sibal14@example.com,0106513338,2024-05-16
16,Pahal,Goswami,pahal.goswami15@example.com,07317810801,2025-10-22
17,Warjas,Ganesan,warjas.ganesan16@example.com,07736026064,2025-10-22
18,Suhani,Mangal,suhani.mangal17@example.com,08723430980,2025-04-09
19,Dakshesh,Bedi,dakshesh.bedi18@example.com,7882081219,2023-03-26
20,Wahab,Raval,wahab.raval19@example.com,+919399091699,2024-08-05
21,Advika,Jayaraman,advika.jayaraman20@example.com,5346247510,2024-05-27
22,Harish,Borah,harish.borah21@example.com,3842513542,2024-05-05
23,Chasmum,Wadhwa,chasmum.wadhwa22@example.com,+918412411824,2023-11-15
24,Shivansh,Oza,shivansh.oza23@example.com,+914874016400,2024-01-11
25,Kalpit,Lala,kalpit.lala24@example.com,+917868011280,2025-07-13
26,Manbir,Sani,manbir.sani25@example.com,+910450533158,2025-09-06
27,Niharika,Dubey,niharika.dubey26@example.com,+912260256342,2025-05-22
28,Hritik,Raja,hritik.raja27@example.com,+917337543303,2024-03-22
29,Arya,Boase,arya.boase28@example.com,05868501429,2025-11-30
30,Alka,Barad,alka.barad29@example.com,+919655698169,2023-08-07
31,Chaitanya,Sarin,chaitanya.sarin30@example.com,+918835615951,2025-03-09
32,Charita,Tripathi,charita.tripathi31@example.com,06564823662,2024-11-15
33,Charvi,Ravi,charvi.ravi32@example.com,0443699577,2024-05-09
34,Tanay,Vaidya,tanay.vaidya33@example.com,02148951343,2025-06-12
35,Manan,Bakshi,manan.bakshi34@example.com,+913791769367,2024-03-24
36,Manbir,Ahluwalia,manbir.ahluwalia35@example.com,+916328708317,2023-06-06
37,Ucchal,Wali,ucchal.wali36@example.com,9579868727,2024-05-18
38,Yug,Malhotra,yug.malhotra37@example.com,7347143455,2025-09-15
39,Faris,Devi,faris.devi38@example.com,+913623166587,2024-04-10
40,Samuel,Salvi,samuel.salvi39@example.com,09096705466,2024-08-22
41,Thomas,Sura,thomas.sura40@example.com,+914670656272,2025-12-20
42,Avi,Ramesh,avi.ramesh41@example.com,9016272046,2024-01-04
43,Suhani,Narain,suhani.narain42@example.com,06464170805,2023-09-13
44,Ekapad,Baria,ekapad.baria43@example.com,+913309232719,2025-11-14
45,Udyati,Kunda,udyati.kunda44@example.com,02991241904,2024-10-03
46,Keya,Ranganathan,keya.ranganathan45@example.com,3193149190,2024-01-26
47,Priya,Prabhakar,priya.prabhakar46@example.com,+918506716572,2024-05-02
48,Anamika,Yohannan,anamika.yohannan47@example.com,07694531473,2025-04-12
49,Ladli,Nayar,ladli.nayar48@example.com,+917527354549,2025-02-17
50,Anya,Anne,anya.anne49@example.com,3136783777,2025-05-29
51,Girik,Menon,girik.menon50@example.com,+916349578856,2026-01-07
52,Ganga,Pandey,ganga.pandey51@example.com,7444313518,2025-11-18
53,Qasim,Handa,qasim.handa52@example.com,+917498941343,2024-02-10
54,Chasmum,Atwal,chasmum.atwal53@example.com,8240084271,2025-08-24
55,Bhavani,Singh,bhavani.singh54@example.com,07520471167,2023-04-02
56,Chatresh,Doshi,chatresh.doshi55@example.com,+919413186999,2023-09-15
57,Lajita,Seshadri,lajita.seshadri56@example.com,04964990913,2024-11-26
58,Aishani,Bumb,aishani.bumb57@example.com,+913281206797,2023-11-26
59,Vincent,Mani,vincent.mani58@example.com,4713493618,2023-09-14
60,Manthan,Lata,manthan.lata59@example.com,+911024994717,2025-02-03
61,Neha,Magar,neha.magar60@example.com,8771906594,2023-02-08
62,Veer,Bail,veer.bail61@example.com,4902787429,2024-05-02
63,Vyanjana,Chand,vyanjana.chand62@example.com,05655125674,2025-01-06
64,Nandini,Bansal,nandini.bansal63@example.com,01545168087,2024-04-07
65,Raghav,Vasa,raghav.vasa64@example.com,09770348247,2025-09-02
66,Vedhika,Dara,vedhika.dara65@example.com,+919324808613,2026-01-02
67,Ishaan,Shenoy,ishaan.shenoy66@example.com,+912748467737,2024-09-06
68,Leela,Halder,leela.halder67@example.com,8214658404,2025-03-16
69,Vrishti,Dixit,vrishti.dixit68@example.com,08755886753,2025-12-20
70,William,Rajagopal,william.rajagopal69@example.com,+916057662702,2024-07-14
71,Garima,Chaudhry,garima.chaudhry70@example.com,01870262174,2024-01-17
72,Mitali,Buch,mitali.buch71@example.com,08657809134,2026-01-08
73,Gautam,Saraf,gautam.saraf72@example.com,+911724005045,2024-02-25
74,Madhav,Konda,madhav.konda73@example.com,6922219693,2024-07-09
75,Luke,Kata,luke.kata74@example.com,04740748217,2025-11-11
76,Chandani,Samra,chandani.samra75@example.com,4743671369,2024-02-08
77,Chakrika,Merchant,chakrika.merchant76@example.com,+916409097439,2025-06-07
78,Theodore,Gupta,theodore.gupta77@example.com,4210470952,2023-04-19
79,Chakrika,Narain,chakrika.narain78@example.com,6232858842,2023-10-19
80,Vasatika,Merchant,vasatika.merchant79@example.com,5171236851,2025-05-26
81,Akshay,Lalla,akshay.lalla80@example.com,1754965137,2023-02-07
82,Falak,Kant,falak.kant81@example.com,1746120047,2023-05-18
83,Wahab,Yogi,wahab.yogi82@example.com,+916758692617,2024-11-15
84,Ati,Bali,ati.bali83@example.com,5377351585,2023-03-18
85,Anya,Gupta,anya.gupta84@example.com,+917139005329,2023-08-23
86,Sarthak,Kalita,sarthak.kalita85@example.com,+915290422842,2023-05-11
87,Atharv,Deep,atharv.deep86@example.com,+915395024026,2024-08-09
88,Devansh,Soni,devansh.soni87@example.com,05891783908,2023-12-07
89,Azaan,Bhat,azaan.bhat88@example.com,06617711592,2023-03-23
90,Anvi,Nair,anvi.nair89@example.com,09847896118,2025-03-11
91,Tanveer,Sani,tanveer.sani90@example.com,03657661565,2025-01-08
92,Kavya,Dua,kavya.dua91@example.com,7111161528,2023-03-17
93,Forum,Das,forum.das92@example.com,05604945198,2023-09-01
94,Vasatika,Kapur,vasatika.kapur93@example.com,+915851493689,2024-11-13
95,Atharv,Loke,atharv.loke94@example.com,+912445502296,2023-03-28
96,Azaan,Chand,azaan.chand95@example.com,8366752545,2025-05-11
97,Frado,Ben,frado.ben96@example.com,+912901476797,2024-04-08
98,Tanveer,Vala,tanveer.vala97@example.com,+915614978403,2024-03-19
99,Christopher,Amble,christopher.amble98@example.com,+914324451076,2023-07-22
100,Lajita,Walia,lajita.walia99@example.com,3885160607,2025-10-16
101,Dhriti,Sanghvi,dhriti.sanghvi100@example.com,6641605297,2025-07-10
102,Janaki,Chakrabarti,janaki.chakrabarti101@example.com,01369681645,2023-09-10
103,Om,Bose,om.bose102@example.com,1883552312,2023-10-18
104,Oscar,Dua,oscar.dua103@example.com,1277997995,2025-08-15
105,Diya,Dora,diya.dora104@example.com,01774490581,2023-12-17
106,Siya,Barad,siya.barad105@example.com,+915411998679,2024-09-09
107,Benjamin,Sengupta,benjamin.sengupta106@example.com,3597820715,2025-12-22
108,Frado,Thaman,frado.thaman107@example.com,2037788925,2024-02-23
109,Barkha,Ram,barkha.ram108@example.com,05905151864,2023-10-14
110,Mason,Nath,mason.nath109@example.com,+919254629148,2024-02-27
111,Falguni,Datta,falguni.datta110@example.com,8168505423,2024-01-20
112,Vedika,Handa,vedika.handa111@example.com,+912214188805,2025-08-28
113,Karan,Puri,karan.puri112@example.com,+912292706537,2024-11-10
114,Saumya,Kaur,saumya.kaur113@example.com,3473597746,2024-07-15
115,Omya,Edwin,omya.edwin114@example.com,+919240758181,2023-11-19
116,Naveen,Mahajan,naveen.mahajan115@example.com,08261375060,2024-03-20
117,Kashvi,Keer,kashvi.keer116@example.com,01530515220,2023-11-21
118,Urmi,Dewan,urmi.dewan117@example.com,7790104328,2025-11-06
119,Pallavi,Choudhry,pallavi.choudhry118@example.com,03410369711,2025-07-16
120,Xalak,Wason,xalak.wason119@example.com,+918932460953,2024-09-27
121,Rachit,Chada,rachit.chada120@example.com,5188888067,2023-02-27
122,Lila,Prakash,lila.prakash121@example.com,00515319520,2024-02-01
123,Hamsini,Gill,hamsini.gill122@example.com,7722170430,2025-05-27
124,Benjamin,Mutti,benjamin.mutti123@example.com,08687403450,2025-08-16
125,Garima,Mahajan,garima.mahajan124@example.com,+915667652775,2025-10-20
126,Zilmil,Loke,zilmil.loke125@example.com,+916169284511,2024-01-05
127,Chakrika,Mohan,chakrika.mohan126@example.com,09627570596,2023-11-07
128,Dakshesh,Borde,dakshesh.borde127@example.com,6582029702,2023-03-25
129,Jeevika,Pathak,jeevika.pathak128@example.com,09092755719,2023-06-10
130,Jeevika,Rao,jeevika.rao129@example.com,04310278681,2023-10-24
131,Abha,Sehgal,abha.sehgal130@example.com,+919473121727,2026-01-07
132,Ekaja,Palan,ekaja.palan131@example.com,1884422583,2023-05-24
133,Sai,Dewan,sai.dewan132@example.com,+917058957829,2025-09-06
134,Dominic,More,dominic.more133@example.com,07866912517,2024-06-04
135,Zansi,Padmanabhan,zansi.padmanabhan134@example.com,+918922680182,2023-12-10
136,Neel,Naidu,neel.naidu135@example.com,3584143842,2024-11-26
137,Girik,Thakkar,girik.thakkar136@example.com,2992299590,2025-07-03
138,Ayush,Bumb,ayush.bumb137@example.com,+919439690784,2024-12-14
139,Chasmum,Subramanian,chasmum.subramanian138@example.com,+916471027677,2023-08-22
140,Maanas,Munshi,maanas.munshi139@example.com,5562588153,2024-06-05
141,Amara,Sengupta,amara.sengupta140@example.com,+912104696325,2025-10-30
142,Dhriti,Gupta,dhriti.gupta141@example.com,+917877470168,2024-05-26
143,Wridesh,Kale,wridesh.kale142@example.com,5004797480,2025-07-27
144,Raagini,Desai,raagini.desai143@example.com,05650609835,2024-09-08
145,Ethan,Raju,ethan.raju144@example.com,7849912165,2025-05-31
146,Harinakshi,Pau,harinakshi.pau145@example.com,+913986800025,2025-06-10
147,Zilmil,Shan,zilmil.shan146@example.com,+919825952694,2024-10-22
148,Yashica,Upadhyay,yashica.upadhyay147@example.com,7947055169,2023-12-14
149,Avi,Som,avi.som148@example.com,09930972896,2023-06-21
150,Xavier,Balay,xavier.balay149@example.com,1307562636,2024-07-13
151,Urishilla,Bhatia,urishilla.bhatia150@example.com,2838578652,2024-05-28
152,Hema,Pandya,hema.pandya151@example.com,4973348434,2025-05-05
153,Sarthak,Suresh,sarthak.suresh152@example.com,07584419866,2025-06-25
154,Madhav,Mannan,madhav.mannan153@example.com,+914157473384,2025-10-29
155,Anita,Devan,anita.devan154@example.com,+919933083301,2024-04-07
156,Urmi,Chaudhry,urmi.chaudhry155@example.com,2082677345,2023-11-19
157,Daniel,Chakraborty,daniel.chakraborty156@example.com,9380262067,2023-08-03
158,Bimala,Barad,bimala.barad157@example.com,+914991547887,2025-09-11
159,Krish,Thaman,krish.thaman158@example.com,04315274205,2025-05-26
160,Reyansh,Gill,reyansh.gill159@example.com,6685161227,2023-12-31
161,Yuvraj,Ahuja,yuvraj.ahuja160@example.com,06374549904,2024-12-27
162,Warinder,Bhatia,warinder.bhatia161@example.com,1742684145,2024-11-14
163,Theodore,Deol,theodore.deol162@example.com,02795687833,2025-01-25
164,Finn,Vora,finn.vora163@example.com,08519108839,2024-08-21
165,Nitesh,Narang,nitesh.narang164@example.com,7139718707,2023-06-04
166,Ojasvi,Shan,ojasvi.shan165@example.com,0874064039,2023-04-01
167,Pallavi,Padmanabhan,pallavi.padmanabhan166@example.com,1801704622,2025-04-29
168,Osha,Prasad,osha.prasad167@example.com,07661825128,2024-03-16
169,Joshua,Kapoor,joshua.kapoor168@example.com,+910478686337,2024-01-25
170,Anya,Gulati,anya.gulati169@example.com,1069033119,2023-02-16
171,Chanakya,Konda,chanakya.konda170@example.com,0673830284,2023-09-24
172,Eiravati,Nagi,eiravati.nagi171@example.com,+914283644089,2025-09-01
173,Parth,Sane,parth.sane172@example.com,7056856624,2024-02-27
174,Urvashi,Khosla,urvashi.khosla173@example.com,+914270866882,2024-03-11
175,Aadhya,Jani,aadhya.jani174@example.com,01751830469,2024-11-01
176,Elijah,Guha,elijah.guha175@example.com,8373540331,2025-04-08
177,Varenya,Kibe,varenya.kibe176@example.com,9363854678,2024-12-21
178,Darika,Lal,darika.lal177@example.com,08771753556,2023-03-02
179,Timothy,Dhingra,timothy.dhingra178@example.com,+914899642353,2024-03-02
180,Yatan,Tata,yatan.tata179@example.com,5477725228,2024-06-29
181,Daniel,Viswanathan,daniel.viswanathan180@example.com,+911006231203,2024-07-18
182,Kashvi,Bhasin,kashvi.bhasin181@example.com,9770088600,2024-08-13
183,Anvi,Wason,anvi.wason182@example.com,00862118233,2024-11-20
184,Zayyan,Pandya,zayyan.pandya183@example.com,06156793341,2024-12-27
185,Azad,Chander,azad.chander184@example.com,06687002176,2024-12-17
186,Garima,Chandran,garima.chandran185@example.com,0339740148,2024-09-19
187,Bachittar,Gola,bachittar.gola186@example.com,00392614293,2024-09-23
188,Lopa,Zachariah,lopa.zachariah187@example.com,06218501631,2024-01-19
189,Mekhala,Narain,mekhala.narain188@example.com,+914773586629,2025-01-04
190,Frederick,Merchant,frederick.merchant189@example.com,+911142626551,2023-04-21
191,Darika,Saxena,darika.saxena190@example.com,04121267888,2024-04-02
192,Atharv,Chakraborty,atharv.chakraborty191@example.com,08199560466,2025-05-13
193,Xavier,Verma,xavier.verma192@example.com,+916224447212,2024-05-01
194,Oviya,Mistry,oviya.mistry193@example.com,01543799371,2023-06-08
195,Abeer,Randhawa,abeer.randhawa194@example.com,09657569245,2024-11-02
196,Sai,Srinivas,sai.srinivas195@example.com,02654793564,2025-06-23
197,Maya,Patla,maya.patla196@example.com,+919398280737,2025-06-03
198,Ekapad,Rege,ekapad.rege197@example.com,7243426617,2025-12-31
199,Varenya,Rattan,varenya.rattan198@example.com,8680589113,2024-12-31
200,Isha,Ganesan,isha.ganesan199@example.com,9096561014,2023-09-11
201,Zilmil,Kant,zilmil.kant200@example.com,05679825071,2023-11-30
202,Frederick,D’Alia,frederick.d’alia201@example.com,2545738757,2023-04-27
203,Sneha,Nagar,sneha.nagar202@example.com,+914010512382,2024-09-06
204,Ganga,Sandhu,ganga.sandhu203@example.com,03622660937,2024-10-21
205,Lopa,Agrawal,lopa.agrawal204@example.com,3341918255,2023-08-14
206,Ishaan,Lala,ishaan.lala205@example.com,7859696915,2024-01-31
207,Tanvi,Gera,tanvi.gera206@example.com,4991251341,2023-07-30
208,Lohit,Vaidya,lohit.vaidya207@example.com,06929662782,2024-09-10
209,Vrishti,Mani,vrishti.mani208@example.com,+912579050723,2025-06-22
210,Yashasvi,Talwar,yashasvi.talwar209@example.com,07677219034,2023-02-15
211,Umang,Yogi,umang.yogi210@example.com,02797881914,2025-05-09
212,Jeevika,Barman,jeevika.barman211@example.com,7836134074,2024-01-28
213,Gagan,Sarna,gagan.sarna212@example.com,+913395962923,2025-06-20
214,Daniel,Panchal,daniel.panchal213@example.com,4982544948,2025-12-26
215,Girish,Deshmukh,girish.deshmukh214@example.com,00422325367,2023-06-15
216,Amruta,Sachdeva,amruta.sachdeva215@example.com,07116845775,2024-10-09
217,Girik,Shanker,girik.shanker216@example.com,5186363745,2025-07-06
218,Geetika,De,geetika.de217@example.com,7500170127,2024-05-25
219,Priya,Jain,priya.jain218@example.com,2424154152,2023-03-08
220,Dalaja,Kaur,dalaja.kaur219@example.com,01103712938,2025-01-25
221,Aditya,Anand,aditya.anand220@example.com,5162713611,2023-05-04
222,Jhalak,Mistry,jhalak.mistry221@example.com,+916221890927,2024-01-30
223,Tanay,Doshi,tanay.doshi222@example.com,09731121965,2025-12-01
224,Divya,Dey,divya.dey223@example.com,+914138999404,2023-08-24
225,Yashodhara,Gulati,yashodhara.gulati224@example.com,6403761379,2023-03-29
226,Advik,Patel,advik.patel225@example.com,02696582710,2024-10-15
227,Akshay,Lala,akshay.lala226@example.com,+910068486661,2024-12-13
228,Michael,Mall,michael.mall227@example.com,+914183285691,2023-12-16
229,Rajeshri,Khare,rajeshri.khare228@example.com,+913161799042,2023-05-21
230,Laksh,Apte,laksh.apte229@example.com,+917588425241,2025-05-05
231,Ayushman,Nayak,ayushman.nayak230@example.com,04814917785,2023-03-12
232,Ojas,Pillai,ojas.pillai231@example.com,+914191380003,2023-03-02
233,Januja,Rajagopal,januja.rajagopal232@example.com,+912086353654,2025-07-04
234,Kashish,Dar,kashish.dar233@example.com,0238061744,2024-01-04
235,Tanmayi,Anand,tanmayi.anand234@example.com,03494937597,2026-01-08
236,Rohan,Korpal,rohan.korpal235@example.com,+910603850506,2025-07-29
237,Damyanti,Chawla,damyanti.chawla236@example.com,+918367024103,2025-09-20
238,Zinal,Sachar,zinal.sachar237@example.com,5719182619,2024-09-24
239,Radhika,De,radhika.de238@example.com,+914456557431,2025-11-10
240,Laban,Chopra,laban.chopra239@example.com,+911277561853,2024-05-20
241,Ubika,Lanka,ubika.lanka240@example.com,+911249035213,2025-12-07
242,Meghana,Varghese,meghana.varghese241@example.com,+914420678831,2024-05-31
243,Logan,Dara,logan.dara242@example.com,+910323651994,2025-10-12
244,Falan,Bains,falan.bains243@example.com,+913721510702,2025-10-19
245,Rachita,Rana,rachita.rana244@example.com,00662532447,2025-09-05
246,Bakhshi,Korpal,bakhshi.korpal245@example.com,4768701462,2024-04-14
247,Zaid,Bahl,zaid.bahl246@example.com,05787598564,2023-07-27
248,Eiravati,Kanda,eiravati.kanda247@example.com,+914078593213,2024-12-30
249,Amaira,Walla,amaira.walla248@example.com,0396522395,2025-06-12
250,Jagrati,Bala,jagrati.bala249@example.com,5992937842,2024-07-01
251,Gautam,Bhalla,gautam.bhalla250@example.com,+919308705932,2024-01-19
252,Peter,Naik,peter.naik251@example.com,+910292185156,2024-10-14
253,Gayathri,Mittal,gayathri.mittal252@example.com,02267528953,2025-01-09
254,Parth,Radhakrishnan,parth.radhakrishnan253@example.com,04220969029,2023-12-25
255,Timothy,Chawla,timothy.chawla254@example.com,02513552157,2023-01-23
256,Shaurya,Krish,shaurya.krish255@example.com,1541006762,2025-09-06
257,Waida,Radhakrishnan,waida.radhakrishnan256@example.com,08617932710,2023-11-30
258,Eiravati,Lal,eiravati.lal257@example.com,+911526218159,2025-12-25
259,Vasudha,Balasubramanian,vasudha.balasubramanian258@example.com,02962015336,2025-02-13
260,Alka,Manda,alka.manda259@example.com,03106987205,2023-01-15
261,Gagan,Menon,gagan.menon260@example.com,9731032417,2025-07-23
262,Darika,Rao,darika.rao261@example.com,07418625652,2024-05-13
263,Adya,Sarraf,adya.sarraf262@example.com,04349021158,2024-04-08
264,Utkarsh,Bhat,utkarsh.bhat263@example.com,08687937416,2025-09-26
265,Bakhshi,Thakkar,bakhshi.thakkar264@example.com,8992172233,2023-05-29
266,Pallavi,Brar,pallavi.brar265@example.com,6329451168,2024-03-21
267,Eshana,Majumdar,eshana.majumdar266@example.com,7099861622,2024-09-22
268,Harish,Cherian,harish.cherian267@example.com,1485646799,2024-06-12
269,Orinder,Majumdar,orinder.majumdar268@example.com,02996065307,2025-10-16
270,Kashish,Bahri,kashish.bahri269@example.com,04447132475,2023-11-02
271,Omaja,Chakraborty,omaja.chakraborty270@example.com,+917367850821,2023-12-17
272,Yashawini,Raval,yashawini.raval271@example.com,+918902330307,2023-03-07
273,Jalsa,Issac,jalsa.issac272@example.com,05786103579,2024-05-13
274,Urvi,Palla,urvi.palla273@example.com,02414060293,2025-08-07
275,Umang,Jhaveri,umang.jhaveri274@example.com,06800722903,2023-10-14
276,Dalaja,Maharaj,dalaja.maharaj275@example.com,06574374896,2024-10-12
277,Abhimanyu,Vaidya,abhimanyu.vaidya276@example.com,5899441715,2025-12-29
278,Ekta,Malhotra,ekta.malhotra277@example.com,04328309652,2025-03-11
279,Widisha,Merchant,widisha.merchant278@example.com,06660993538,2024-12-10
280,Vamakshi,Parmer,vamakshi.parmer279@example.com,4282417248,2025-04-26
281,Qadim,Nayak,qadim.nayak280@example.com,1353465549,2023-11-29
282,Jacob,Singhal,jacob.singhal281@example.com,+919991738168,2023-12-03
283,Chatura,Dora,chatura.dora282@example.com,+913569725217,2024-01-10
284,Peter,Munshi,peter.munshi283@example.com,0074329271,2023-06-01
285,Radha,Sanghvi,radha.sanghvi284@example.com,06760083505,2025-04-19
286,Rayaan,Badami,rayaan.badami285@example.com,0335421689,2023-12-12
287,Dhruv,Bath,dhruv.bath286@example.com,04789856257,2024-02-08
288,Raghav,Gala,raghav.gala287@example.com,00332309821,2024-02-16
289,Baljiwan,Prashad,baljiwan.prashad288@example.com,4890901001,2024-04-11
290,Lajita,Dasgupta,lajita.dasgupta289@example.com,4723046184,2024-11-23
291,Laksh,Sahota,laksh.sahota290@example.com,+918914117393,2025-05-12
292,Saksham,Parmar,saksham.parmar291@example.com,6420873753,2023-01-14
293,Gaurav,Choudhry,gaurav.choudhry292@example.com,7218114374,2023-10-27
294,Chandresh,Chaudhry,chandresh.chaudhry293@example.com,+910455611002,2025-01-07
295,Onkar,Narasimhan,onkar.narasimhan294@example.com,07941552166,2025-11-30
296,Anita,Rajan,anita.rajan295@example.com,7621202169,2024-06-23
297,Raksha,Golla,raksha.golla296@example.com,6590277167,2023-03-02
298,Advika,Murthy,advika.murthy297@example.com,+918993588916,2025-01-05
299,Yuvraj,Subramaniam,yuvraj.subramaniam298@example.com,06289002877,2025-08-20
300,Falan,Swamy,falan.swamy299@example.com,03540838663,2023-04-07
301,Sachi,Sem,sachi.sem300@example.com,+917751701660,2024-09-12
302,Aadi,Chand,aadi.chand301@example.com,9488375503,2025-07-24
303,Garima,Solanki,garima.solanki302@example.com,5711305548,2024-08-05
304,Hitesh,Bath,hitesh.bath303@example.com,+917261493316,2023-09-04
305,Rayaan,Nigam,rayaan.nigam304@example.com,+916091779827,2023-01-15
306,Chanakya,Sant,chanakya.sant305@example.com,7829221699,2025-09-04
307,Yamini,Rajagopalan,yamini.rajagopalan306@example.com,09346547226,2024-11-01
308,Yauvani,Mistry,yauvani.mistry307@example.com,8583339452,2025-12-21
309,Pranav,Thakur,pranav.thakur308@example.com,5158799684,2025-08-29
310,Pahal,Arya,pahal.arya309@example.com,1062003424,2025-01-28
311,Madhav,Bhatia,madhav.bhatia310@example.com,4380571983,2025-04-03
312,Lopa,Khanna,lopa.khanna311@example.com,4066658004,2023-08-21
313,Saanvi,Kar,saanvi.kar312@example.com,5989334721,2023-08-03
314,Oscar,Varkey,oscar.varkey313@example.com,+916064842294,2023-01-17
315,Unnati,Dubey,unnati.dubey314@example.com,+912590947985,2023-03-31
316,Eesha,Vora,eesha.vora315@example.com,+912818268861,2024-01-28
317,Tanay,Narula,tanay.narula316@example.com,05439878015,2024-05-13
318,Yagnesh,Baral,yagnesh.baral317@example.com,5616484085,2024-07-27
319,Yashoda,Sehgal,yashoda.sehgal318@example.com,00435811288,2023-01-19
320,Dominic,Kade,dominic.kade319@example.com,3613861207,2025-03-06
321,Baljiwan,Chahal,baljiwan.chahal320@example.com,+910248193466,2024-05-19
322,Nidhi,Sant,nidhi.sant321@example.com,00618091901,2024-02-07
323,Yadavi,Cherian,yadavi.cherian322@example.com,04914766072,2024-08-17
324,Laban,Raman,laban.raman323@example.com,4245088210,2023-01-16
325,Meera,Yogi,meera.yogi324@example.com,1435368222,2023-09-09
326,Zayyan,Hari,zayyan.hari325@example.com,+912908781414,2023-04-28
327,Vidhi,Narayanan,vidhi.narayanan326@example.com,02314913577,2024-01-05
328,Damini,Dua,damini.dua327@example.com,9556205336,2023-11-10
329,Jagvi,Desai,jagvi.desai328@example.com,5777547812,2024-12-18
330,Finn,Mand,finn.mand329@example.com,+918341108099,2024-03-30
331,Simon,Bansal,simon.bansal330@example.com,4887256394,2023-06-06
332,Yachana,Uppal,yachana.uppal331@example.com,+916580392827,2023-07-04
333,Madhav,Sule,madhav.sule332@example.com,00373145303,2024-07-31
334,Jalsa,Rama,jalsa.rama333@example.com,07005184498,2024-09-26
335,Krisha,Radhakrishnan,krisha.radhakrishnan334@example.com,09184638655,2024-06-27
336,Vasatika,Ahuja,vasatika.ahuja335@example.com,2723184322,2023-07-02
337,Jagat,Karpe,jagat.karpe336@example.com,05177739260,2023-10-05
338,Joshua,Dyal,joshua.dyal337@example.com,+918092024286,2024-10-28
339,Anirudh,Mander,anirudh.mander338@example.com,+913797723692,2025-05-30
340,Qabil,Vaidya,qabil.vaidya339@example.com,02579913662,2023-05-09
341,Samaksh,Virk,samaksh.virk340@example.com,6291279908,2024-07-15
342,Jacob,Chander,jacob.chander341@example.com,02980686508,2024-04-25
343,Vasatika,Raj,vasatika.raj342@example.com,09916247314,2024-10-27
344,Nilima,Kurian,nilima.kurian343@example.com,+910098180635,2024-04-03
345,Hredhaan,Dubey,hredhaan.dubey344@example.com,09448695946,2025-04-17
346,Odika,Subramanian,odika.subramanian345@example.com,+915887449562,2025-08-05
347,Jagat,Karpe,jagat.karpe346@example.com,02138658902,2024-03-12
348,Abdul,Chand,abdul.chand347@example.com,+917961143519,2023-02-21
349,Leena,Rattan,leena.rattan348@example.com,8490277038,2023-11-20
350,Bahadurjit,Uppal,bahadurjit.uppal349@example.com,3920530214,2025-05-14
351,Ira,Rana,ira.rana350@example.com,09380118489,2024-01-27
352,Aradhana,Kara,aradhana.kara351@example.com,3769042681,2024-09-14
353,Yahvi,Menon,yahvi.menon352@example.com,01848947697,2025-05-03
354,Harinakshi,Shanker,harinakshi.shanker353@example.com,7907141633,2025-06-05
355,Nitara,Pandit,nitara.pandit354@example.com,8043416518,2025-10-27
356,Vamakshi,Murthy,vamakshi.murthy355@example.com,03942373334,2023-08-25
357,Samaksh,Krish,samaksh.krish356@example.com,5211179080,2025-07-28
358,Kamya,Murty,kamya.murty357@example.com,09472846392,2023-03-11
359,Pallavi,Sridhar,pallavi.sridhar358@example.com,0856271875,2025-02-04
360,Advik,Kade,advik.kade359@example.com,09155942843,2023-11-02
361,Hemal,Pau,hemal.pau360@example.com,+917636556472,2024-09-28
362,Veer,Chaudhry,veer.chaudhry361@example.com,4386632270,2023-07-23
363,Xalak,Desai,xalak.desai362@example.com,8857448906,2023-04-29
364,Nihal,Bhasin,nihal.bhasin363@example.com,+914717545588,2025-10-28
365,Aarini,Padmanabhan,aarini.padmanabhan364@example.com,+916159399824,2024-02-04
366,Yashvi,Sura,yashvi.sura365@example.com,7169472256,2024-12-02
367,Nidhi,Bora,nidhi.bora366@example.com,+912535544964,2025-09-09
368,Janani,Verma,janani.verma367@example.com,06220234132,2024-03-21
369,Girish,Bhatt,girish.bhatt368@example.com,08006811492,2023-04-13
370,Madhavi,More,madhavi.more369@example.com,+913472282005,2025-08-10
371,Eshana,Soni,eshana.soni370@example.com,08487282997,2024-12-02
372,Radhika,Viswanathan,radhika.viswanathan371@example.com,8457831745,2024-04-06
373,Nachiket,Mitter,nachiket.mitter372@example.com,+910825478077,2023-12-05
374,Qushi,Master,qushi.master373@example.com,3085368663,2023-07-08
375,Madhavi,Radhakrishnan,madhavi.radhakrishnan374@example.com,+914163894484,2024-04-07
376,Ekapad,Gopal,ekapad.gopal375@example.com,+914179749735,2023-02-01
377,Chandran,Warrior,chandran.warrior376@example.com,+912144270312,2023-01-27
378,Teerth,Oommen,teerth.oommen377@example.com,04757051204,2025-05-10
379,Ekbal,Singhal,ekbal.singhal378@example.com,+913460136730,2023-08-17
380,Girindra,Verma,girindra.verma379@example.com,3764520881,2023-10-15
381,Chanchal,Issac,chanchal.issac380@example.com,00313650249,2023-05-22
382,Xavier,Andra,xavier.andra381@example.com,+919792513271,2025-01-31
383,Hamsini,Bhasin,hamsini.bhasin382@example.com,+915281273585,2025-06-11
384,Reva,Hans,reva.hans383@example.com,+916524077848,2025-02-12
385,Ranveer,Grover,ranveer.grover384@example.com,5574982182,2024-05-17
386,Adya,Peri,adya.peri385@example.com,00862095935,2025-03-11
387,Lila,Gupta,lila.gupta386@example.com,7829456511,2024-08-06
388,Ekalinga,Bassi,ekalinga.bassi387@example.com,+912031731096,2025-01-01
389,Aahana,Bawa,aahana.bawa388@example.com,03910371705,2024-09-13
390,Ojasvi,Pillay,ojasvi.pillay389@example.com,0948014138,2023-04-27
391,Vihaan,Wali,vihaan.wali390@example.com,03383928861,2025-04-29
392,Ishita,Shanker,ishita.shanker391@example.com,6122868528,2026-01-09
393,Saanvi,Pandey,saanvi.pandey392@example.com,08556659398,2023-09-02
394,Aachal,Parsa,aachal.parsa393@example.com,07600490824,2023-01-18
395,Tristan,Kala,tristan.kala394@example.com,00488899210,2024-05-29
396,Nachiket,Devi,nachiket.devi395@example.com,05933441969,2025-10-12
397,Faras,Nair,faras.nair396@example.com,02791940961,2025-05-15
398,Gaurika,Pall,gaurika.pall397@example.com,06139060480,2023-12-26
399,Mason,Narain,mason.narain398@example.com,3206799813,2024-04-28
400,Meera,Divan,meera.divan399@example.com,+915179086416,2024-07-13
401,Kalpit,Deshmukh,kalpit.deshmukh400@example.com,08376938983,2023-10-03
402,Amaira,Sani,amaira.sani401@example.com,09116655355,2024-10-22
403,Arjun,Mody,arjun.mody402@example.com,+915979270335,2023-06-30
404,Frederick,Chowdhury,frederick.chowdhury403@example.com,0392405147,2024-06-10
405,Garima,Kadakia,garima.kadakia404@example.com,8338848792,2025-02-10
406,Andrew,Puri,andrew.puri405@example.com,8042043940,2024-06-03
407,Abhiram,Bhavsar,abhiram.bhavsar406@example.com,04510463681,2025-09-27
408,Vedhika,Wali,vedhika.wali407@example.com,+912387800384,2024-01-11
409,Maya,Dugar,maya.dugar408@example.com,+915554384046,2025-09-12
410,Ayushman,Mammen,ayushman.mammen409@example.com,+912562168936,2023-10-01
411,Michael,Sandhu,michael.sandhu410@example.com,09578232983,2025-08-13
412,Dayamai,Viswanathan,dayamai.viswanathan411@example.com,+916292518812,2023-12-25
413,Madhav,Balan,madhav.balan412@example.com,06647423122,2023-02-08
414,Amara,Kashyap,amara.kashyap413@example.com,3305172897,2025-03-01
415,Kashvi,Gour,kashvi.gour414@example.com,07722330604,2025-11-17
416,Tristan,Jain,tristan.jain415@example.com,+911279757366,2025-05-10
417,Lajita,Munshi,lajita.munshi416@example.com,09998808177,2025-07-05
418,Brijesh,Korpal,brijesh.korpal417@example.com,8608680347,2024-03-22
419,Daksha,Mangal,daksha.mangal418@example.com,02649082771,2025-03-13
420,Isaiah,Gole,isaiah.gole419@example.com,8266570279,2025-09-19
421,Saksham,Sha,saksham.sha420@example.com,+914521117518,2025-02-24
422,Yasti,Dutta,yasti.dutta421@example.com,08602592222,2025-05-02
423,Charan,Saini,charan.saini422@example.com,04742123094,2023-01-24
424,Widisha,Tara,widisha.tara423@example.com,0973397767,2023-04-08
425,Abeer,Konda,abeer.konda424@example.com,4983022050,2023-06-19
426,Bachittar,Misra,bachittar.misra425@example.com,01016224999,2025-05-22
427,Peter,Shah,peter.shah426@example.com,9501455616,2025-07-23
428,Dhruv,Master,dhruv.master427@example.com,02145868339,2023-03-15
429,Gagan,Sule,gagan.sule428@example.com,9469548995,2025-10-23
430,Watika,Venkatesh,watika.venkatesh429@example.com,7729343010,2024-06-03
431,Jacob,Johal,jacob.johal430@example.com,6605583034,2023-10-16
432,Ekansh,Morar,ekansh.morar431@example.com,08850155699,2025-11-28
433,Parth,Hari,parth.hari432@example.com,05770272785,2024-05-31
434,Odika,Bhalla,odika.bhalla433@example.com,4958803955,2023-03-24
435,Manthan,Mand,manthan.mand434@example.com,+915682996291,2025-08-15
436,Darika,Murty,darika.murty435@example.com,0461735743,2024-08-08
437,Parth,Choudhury,parth.choudhury436@example.com,00317807823,2024-01-18
438,Veda,Viswanathan,veda.viswanathan437@example.com,05218230768,2023-05-17
439,Deepa,Basu,deepa.basu438@example.com,9157018409,2025-04-21
440,Shaurya,Nagi,shaurya.nagi439@example.com,+913448571422,2023-11-06
441,Alexander,Varkey,alexander.varkey440@example.com,+913858542493,2023-07-17
442,Deepa,Nigam,deepa.nigam441@example.com,7020701601,2024-04-22
443,Praneel,Sehgal,praneel.sehgal442@example.com,5453817921,2025-06-19
444,Upadhriti,Chatterjee,upadhriti.chatterjee443@example.com,04773329456,2023-07-30
445,Ganga,Nair,ganga.nair444@example.com,07017157724,2025-05-01
446,Joshua,Trivedi,joshua.trivedi445@example.com,+916158148769,2024-04-08
447,Yagnesh,Dutt,yagnesh.dutt446@example.com,06153966958,2025-02-09
448,Oscar,Brahmbhatt,oscar.brahmbhatt447@example.com,9719975817,2023-07-23
449,Nidra,Boase,nidra.boase448@example.com,1965701329,2025-09-26
450,Aadi,Din,aadi.din449@example.com,2784699733,2025-01-26
451,Edhitha,Mistry,edhitha.mistry450@example.com,4651909862,2025-08-02
452,David,Pingle,david.pingle451@example.com,0085140369,2024-03-18
453,Eesha,Raja,eesha.raja452@example.com,06683272386,2025-07-23
454,Jagvi,Sahni,jagvi.sahni453@example.com,+914220102762,2023-04-13
455,Ojasvi,Shah,ojasvi.shah454@example.com,9692786876,2024-02-04
456,Quincy,Samra,quincy.samra455@example.com,0973846895,2023-02-16
457,Baljiwan,Subramanian,baljiwan.subramanian456@example.com,5197128478,2023-04-06
458,Gaurang,Korpal,gaurang.korpal457@example.com,01894905807,2024-05-22
459,Upasna,Narula,upasna.narula458@example.com,05442094940,2024-11-30
460,Omkaar,Behl,omkaar.behl459@example.com,4904712814,2023-10-14
461,Avni,Maharaj,avni.maharaj460@example.com,00192927524,2025-05-17
462,Warinder,Sundaram,warinder.sundaram461@example.com,+918051292766,2023-09-28
463,Ria,Ganesh,ria.ganesh462@example.com,+919504102767,2023-12-07
464,Vivaan,Raghavan,vivaan.raghavan463@example.com,6742860476,2025-01-23
465,Benjamin,Chatterjee,benjamin.chatterjee464@example.com,5694544149,2024-03-14
466,Wyatt,Hayer,wyatt.hayer465@example.com,5258001061,2024-08-08
467,Sanaya,Panchal,sanaya.panchal466@example.com,+914430091093,2025-11-17
468,Jairaj,Dar,jairaj.dar467@example.com,+919269212447,2025-01-03
469,Faqid,Setty,faqid.setty468@example.com,06542140665,2026-01-06
470,Aarna,Lanka,aarna.lanka469@example.com,+917173962712,2024-08-25
471,Raagini,Kamdar,raagini.kamdar470@example.com,1741011947,2023-01-31
472,Widisha,Dixit,widisha.dixit471@example.com,0064256908,2025-02-24
473,Vritti,Sridhar,vritti.sridhar472@example.com,06183067198,2025-10-31
474,Jagrati,Nath,jagrati.nath473@example.com,4601585174,2024-12-20
475,Patrick,Baral,patrick.baral474@example.com,03461571732,2023-02-19
476,Aryan,Khare,aryan.khare475@example.com,06184787005,2023-03-13
477,Brijesh,Ravi,brijesh.ravi476@example.com,+913878293102,2024-06-29
478,Anirudh,Sinha,anirudh.sinha477@example.com,0320204179,2023-07-17
479,Devansh,Cherian,devansh.cherian478@example.com,+917993136565,2023-05-23
480,Laksh,Nagy,laksh.nagy479@example.com,+910925114262,2025-02-12
481,Nitesh,Sarna,nitesh.sarna480@example.com,+919021962071,2023-01-17
482,Praneel,Chakraborty,praneel.chakraborty481@example.com,9467232487,2024-04-06
483,Owen,Barad,owen.barad482@example.com,2791456083,2023-08-09
484,Girish,Pathak,girish.pathak483@example.com,8373403127,2024-07-09
485,Nathaniel,Bassi,nathaniel.bassi484@example.com,+915436459701,2025-04-01
486,Patrick,Dugar,patrick.dugar485@example.com,+917811379956,2023-08-16
487,Eshana,Karpe,eshana.karpe486@example.com,+915313636317,2024-10-13
488,Chatura,Sarin,chatura.sarin487@example.com,+913972652735,2025-12-15
489,Samaksh,Nayak,samaksh.nayak488@example.com,+910904217762,2025-04-23
490,Thomas,Merchant,thomas.merchant489@example.com,2929831687,2025-08-12
491,Tarak,Solanki,tarak.solanki490@example.com,04063356939,2025-11-13
492,Abdul,Sahni,abdul.sahni491@example.com,+910780686717,2024-07-06
493,Fiyaz,Arora,fiyaz.arora492@example.com,6325431074,2023-07-07
494,Tripti,Bajwa,tripti.bajwa493@example.com,07262570165,2024-08-14
495,Chaman,Sandhu,chaman.sandhu494@example.com,09893195085,2025-09-10
496,Indrajit,Rajagopal,indrajit.rajagopal495@example.com,07905528183,2023-06-11
497,Gaurika,Khare,gaurika.khare496@example.com,1793355486,2023-11-10
498,Dev,Pradhan,dev.pradhan497@example.com,07788178847,2024-11-21
499,Dominic,Guha,dominic.guha498@example.com,01162411241,2025-02-13
500,Watika,Dora,watika.dora499@example.com,+918046827567,2025-03-29
